{"ph": 7.3422297566812915, "turbidity_ntu": 17.037401639047033, "do_mg_l": 7.10852340718715, "bod_mg_l": 10.81040178409544, "fecal_coliform": 1161.2371088225696, "total_coliform": 2610.6433622221416, "tds_mg_l": 654.464605468325, "nitrate_mg_l": 27.965565507488115, "fluoride_mg_l": 0.9780060376400624, "arsenic_ug_l": 20.812156869855315, "open_defecation_rate": 37.76892156507233, "toilet_access": 0.5552362475976357, "sewage_treatment_pct": 41.6983265039707, "avg_temp_c": 30.44378059614897, "avg_rainfall_mm": 162.17767976937301, "avg_humidity_pct": 57.627130398520514}